{
    // See https://go.microsoft.com/fwlink/?LinkId=733558
    // for the documentation about the tasks.json format
    "version": "2.0.0",
    "tasks": [
       {
          "label": "Assemble File",
          "type": "shell",
          "command": "./Assemble.cmd ${fileBasenameNoExtension}",
          "problemMatcher": [],
       },
       {
          "label": "Make OS",
          "type": "shell",
          "command": "./MakeOS.cmd",
          "problemMatcher": []
       },
       {
          "label": "Compile File",
          "type": "shell",
          "command": "./Compile.cmd ${fileBasenameNoExtension}",
          "problemMatcher": []
       },
       {
          "label": "Generate Microcode",
          "type": "shell",
          "command": "python",
          "args": [
            "Microcode/ucGenerate.py"
          ],
          "problemMatcher": [],
          "isBackground": false,
          "panel": {
            "reveal": "silent",
            "shared": true
          }
       }
    ]
}