{
   // See https://go.microsoft.com/fwlink/?LinkId=733558
   // for the documentation about the tasks.json format
   "version": "2.0.0",
   "tasks": [
      {
         "label": "Assemble File",
         "type": "shell",
         "command": "./Assemble.sh ${fileBasenameNoExtension}",
         "problemMatcher": []
      },
      {
         "label": "Make OS",
         "type": "shell",
         "command": "./MakeOS.sh",
         "problemMatcher": []
      },
      {
         "label": "Compile File",
         "type": "shell",
         "command": "./Compile.sh ${fileBasenameNoExtension}",
         "problemMatcher": []
      }
   ]
}

